-1.94776906915755,0,-1.01939625201154,1,1,2,2,2,1,1,1,1,1
0.727510572685235,1,0.182747860145757,2,2,3,3,3,1,1,1,2,2
-0.833392542993314,0,0.229854220871395,2,2,3,3,3,1,1,1,2,2
1.0225688980489,0,1.1183154375171,3,2,4,4,4,1,1,2,2,2
-1.25789979818491,1,1.91141969815964,3,4,4,4,5,2,2,2,3,4
1.28694325168526,1,0.989910433928,2,3,4,4,4,1,1,2,2,2
0.412857354911251,0,0.0442895829391904,1,2,3,3,3,1,1,1,2,2
-0.538588017423913,0,-0.324923062400879,1,2,3,3,3,1,1,1,1,2
-1.5225464719215,1,1.68831794593732,4,4,4,4,4,2,2,2,4,3
0.146033233965528,1,0.187730249541857,2,2,3,3,3,1,1,1,2,1
-1.45703128713221,1,-0.482643098098419,1,1,3,3,3,1,1,1,1,1
0.185957386324375,0,-0.217295118923667,1,2,3,3,3,1,1,1,1,1
-0.714058955541855,0,-0.322522769825185,1,1,3,3,3,1,1,1,1,2
0.483461428726758,0,-0.13932484076312,2,2,3,3,3,1,1,1,1,2
0.975000304033276,0,0.634843526683203,2,2,4,4,4,1,1,1,2,3
1.25341144340034,0,-0.792902017212771,1,1,2,2,3,1,1,1,1,1
0.552210297271427,0,-1.97887928162021,1,1,2,2,1,1,1,1,1,1
-2.41654036358609,1,-0.0476926338970929,2,2,2,3,4,1,1,1,2,2
-1.43771030742102,0,-0.565504495977584,1,1,2,3,3,1,1,1,2,2
0.494957629120606,1,2.38217820551234,5,4,5,5,5,3,3,2,5,4
-0.827191305251888,1,0.745790552858307,2,2,4,4,4,1,1,1,2,3
0.866247238860589,0,-0.0281677021480821,2,2,3,3,3,1,1,1,2,1
-0.34061898781242,1,0.0123602116098219,2,2,3,3,3,1,1,1,2,2
-1.11181299301331,1,0.282172716991647,2,2,3,3,4,1,1,1,1,2
-2.10053888546362,1,0.24964124015817,2,2,3,3,3,1,1,1,2,2
-1.48547823984032,1,-1.03391376427931,1,1,2,2,2,1,1,1,1,1
-1.19587387535963,1,-1.14290345499105,1,1,2,3,2,1,1,1,1,1
0.838702909279351,0,0.32669634195519,2,2,3,3,3,1,1,1,2,1
-0.380917259722588,0,0.826949589346881,3,3,4,3,3,1,1,1,2,3
0.685089206273701,0,-0.268072825958156,2,2,2,2,3,1,1,1,2,1
0.536691625773875,0,-0.706827214513027,1,1,3,3,3,1,1,1,1,1
-1.1220614560656,0,0.165407530901591,2,2,3,3,3,1,1,1,2,2
0.144331078467876,1,-0.640917833589064,1,1,3,2,3,1,1,1,1,1
1.63692293773686,1,-0.430272964454119,1,1,3,3,3,1,1,1,1,1
1.44200875465463,0,1.49797709612428,3,3,4,4,4,2,1,2,3,3
0.617695570236275,0,0.346964703269425,2,2,3,3,3,1,1,1,2,3
0.726684315716427,0,-1.47483661958901,1,1,2,2,2,1,1,1,1,1
0.273580165560865,0,-0.520311336161914,1,1,3,2,3,1,1,1,1,1
0.858423196531042,0,0.104373794584058,1,1,3,3,3,1,1,1,2,2
0.548932749793801,0,-0.534181420960145,1,2,3,2,3,1,1,1,1,2
-0.990853940664161,0,-0.658120023262246,1,2,3,2,2,1,1,1,1,1
0.921977790200662,0,0.366185236843253,2,2,3,3,3,1,1,1,2,2
0.672648252122788,0,-0.632608164372611,2,2,3,3,2,1,1,1,1,2
-1.63321878271936,0,0.679099389003051,3,2,4,4,3,2,1,1,3,1
1.22862950060173,0,-0.304396821378336,2,1,2,3,3,1,1,1,1,2
0.597391330767454,1,0.44553200200685,2,2,3,3,3,1,1,2,2,2
0.225497151849355,0,-0.165994575755445,1,2,3,3,3,1,1,1,1,1
-0.443316531801593,1,0.265321377534371,2,2,4,3,3,1,1,1,1,2
0.630484940290292,1,1.22576779591991,3,3,4,4,3,1,1,2,2,2
-1.67026371555761,0,0.595396885284011,2,2,4,3,4,1,1,1,2,2
-1.33683921010315,1,-0.269340190724666,2,2,3,3,3,1,1,1,1,1
1.86218197540774,1,0.0256376842444691,2,2,3,3,3,1,1,1,1,1
0.14499772157044,0,0.557787984016503,1,2,3,3,4,1,1,1,2,2
0.122746393437291,0,-0.503936442589777,1,1,3,2,2,1,1,1,1,2
-0.474022526988897,1,-1.32077093226165,1,1,2,2,2,1,1,1,1,1
-0.506694654550373,1,0.354866028977767,1,2,3,3,3,1,1,1,2,2
0.0154871547516821,1,1.14303432063154,2,3,4,4,4,1,1,2,2,3
-0.757858876977255,1,1.50490000908215,4,3,4,4,4,2,2,2,4,3
0.295781631652643,1,-0.0728182611231282,1,2,3,3,3,1,1,1,1,2
-0.0631580886947008,1,-0.183074211034478,1,1,3,3,3,1,1,1,2,2
-1.43815405199611,1,0.566354749107975,2,2,3,3,3,1,1,1,2,2
-0.783711931705432,1,0.168914838872551,2,2,3,3,3,1,1,1,2,2
-0.461174554147127,0,0.812811260195598,3,2,4,4,3,2,1,1,2,2
-0.341529744284568,1,1.21279132846194,3,3,4,3,4,1,1,2,3,2
0.662046126504859,0,0.604272851389154,2,3,3,3,4,1,1,1,2,2
-1.64407961921287,0,0.860958284205117,3,2,3,3,3,2,1,1,3,2
-0.2547685790348,0,-0.43151181751198,2,1,3,2,3,1,1,1,2,1
0.731966712668877,1,1.47338067819525,2,3,4,4,4,2,2,2,3,2
-0.242267438714557,0,1.33793079273529,3,2,4,4,4,1,1,1,3,3
0.62372351880196,0,0.602568056603275,3,2,3,3,3,1,1,1,3,2
0.887096601511697,0,1.88623937553541,3,4,4,5,4,3,2,3,4,4
0.99633437982496,1,0.793979530964899,2,2,4,4,4,1,1,2,2,3
-0.58746898463042,0,-0.162917233611702,2,2,3,3,3,1,1,1,2,2
-0.29137781037124,0,-1.33895685584895,1,1,2,2,2,1,1,1,1,1
-0.459731239743461,0,0.256190322804103,2,1,3,4,3,1,1,1,2,2
0.789068829878642,0,-0.135174325649644,2,1,3,2,3,1,1,1,1,1
0.499460192380686,0,0.844321936322116,2,2,4,4,3,2,1,1,3,3
0.228040725806205,0,-0.449565681272199,1,1,3,2,2,1,1,1,1,1
-1.64244194658134,1,0.29699801731806,2,2,3,3,3,1,1,1,3,1
0.100885226942258,1,0.489368652903264,1,2,3,3,3,1,1,1,2,2
-1.14884443502973,0,-2.24871797546368,1,1,1,2,1,1,1,1,1,1
-0.131240899438114,1,0.490618526966806,2,2,4,3,3,1,1,1,2,2
-0.570994165497228,0,-0.80293117342233,1,1,2,3,3,1,1,1,1,1
-0.195678346457089,0,0.989817506397244,3,3,4,5,4,2,1,1,2,2
-0.189496683781518,0,-0.376932824486934,1,2,3,3,3,1,1,1,1,1
0.936981931283778,0,0.828528984857863,3,2,4,4,3,1,1,1,3,2
0.0210884229400264,1,-0.745965224011538,1,1,3,2,3,1,1,1,1,2
0.569379944957943,1,0.392538060706912,2,2,3,3,3,1,1,1,2,2
-0.729198552056924,1,1.44487364166704,2,3,4,4,4,2,2,1,4,2
0.211269700492232,1,0.730065809844295,3,2,4,3,3,1,1,1,3,2
0.815017041491075,1,1.0653618838251,3,4,4,3,4,1,1,2,3,2
-0.743344631235776,0,-0.329835442009668,2,2,3,3,2,1,1,1,1,2
0.619057712921475,1,0.593632807147711,2,1,4,4,3,1,1,1,1,2
-1.16090335401098,1,-0.244341062597324,1,2,3,3,3,1,1,1,1,2
-2.58169232662015,1,0.203474336634652,2,2,3,3,4,1,1,1,2,2
0.312535100587914,0,-0.842315614559548,1,1,2,3,2,1,1,1,1,1
-0.369585368872883,0,-0.356371176192034,2,1,3,3,3,1,1,1,1,1
0.794747140766665,1,0.910371115041365,2,2,4,4,4,2,1,1,2,3
-0.74520431630019,1,-0.508307630081746,2,2,3,3,2,1,1,1,1,2
-0.203956219227202,1,0.123451353819985,2,1,3,3,3,1,1,1,1,2
0.472280270145852,0,-0.511101011012741,1,1,3,2,3,1,1,1,1,2
0.819983666285323,1,-0.834267804780334,1,2,2,2,2,1,1,1,1,1
1.14072892098284,1,0.671824914189649,2,2,4,4,4,1,1,1,2,2
0.312511223323076,0,-0.387459109520866,2,1,3,3,3,1,1,1,1,1
-0.867018303167818,0,-0.359620667460473,1,1,3,3,3,1,1,1,1,2
-1.03010870103718,1,0.322561486082541,2,1,3,3,3,1,1,1,2,2
0.416215056592698,0,0.302684578460348,2,2,3,3,3,1,1,1,2,2
0.107382976037466,1,-0.439045989924566,1,2,3,2,2,1,1,1,1,1
2.18325139379646,0,0.00323680409398275,2,1,3,3,3,1,1,1,1,2
-0.731652617981649,0,0.0971262741200512,1,2,3,3,3,1,1,1,2,2
0.210058188602757,0,0.596061879173108,2,2,3,4,3,1,1,1,2,2
-1.39508343336915,1,1.82364975103648,4,3,5,4,4,2,3,2,4,4
1.65006532547829,0,0.434526751774391,2,2,4,3,4,1,1,1,2,3
1.07896642148078,1,-0.187684719898473,2,2,3,3,3,1,1,1,2,2
1.97234271965985,0,1.70759140565366,3,3,4,4,4,2,2,2,3,3
-1.07768849924742,0,-0.135099118233051,2,2,3,3,3,1,1,1,1,1
0.0721899812490846,0,-0.322887678145457,2,2,3,3,3,1,1,1,1,1
-1.45245003354306,1,-0.144342847221217,1,1,3,3,3,1,1,1,1,2
0.862699873925807,1,1.66140264723512,3,2,4,5,3,2,2,2,3,3
-0.0157849613072273,0,1.36203300154797,2,2,5,4,3,2,1,1,2,2
1.20436337305416,0,0.556473987349432,3,2,4,4,3,1,1,1,2,2
1.28430390100965,0,-0.0554571435912326,1,2,3,3,3,1,1,1,2,2
2.04256025932166,0,0.359560563194079,1,2,4,4,3,1,1,1,2,2
0.585428393179946,0,0.606370216756696,2,3,3,3,3,1,1,1,2,2
0.308109972441964,1,0.739809014795272,2,3,3,3,4,1,2,1,3,2
0.105197733915985,1,0.73471608948174,2,3,4,3,3,1,1,1,2,2
0.752131240284039,0,-0.844674209087142,1,1,3,2,3,1,1,1,1,1
-0.264120867662187,0,0.324346950474956,2,2,3,3,3,1,1,1,1,1
0.483812991287021,0,0.332618256679856,2,2,3,3,3,1,1,1,2,2
0.641367911140151,0,0.589788350853935,2,2,3,3,4,1,1,1,2,2
-1.22428720328518,0,-0.314450391985842,2,2,3,2,3,1,1,1,1,1
0.13041402393815,0,1.17314895763373,3,3,4,4,4,2,1,1,2,3
-1.45450554262193,0,-0.899944381277712,1,1,2,2,2,1,1,1,1,1
0.76197243242427,1,1.72390782521665,3,3,4,4,4,2,2,1,3,4
-1.17358357300493,1,1.34634373660987,2,2,4,4,5,1,2,1,3,3
-0.917006222213835,0,-0.637520414006096,2,1,2,2,2,1,1,1,1,1
-0.389432598816939,0,1.10314301679684,2,3,4,3,4,2,1,1,3,2
0.7215315558432,0,0.868953084523834,2,2,3,4,4,1,1,1,2,2
0.957728403899838,1,0.516955682158985,2,2,3,3,4,1,1,1,2,2
1.23417179314096,1,-0.452505772933467,1,1,3,3,3,1,1,1,1,2
0.96427325018122,0,0.897222512225993,2,3,4,4,4,1,2,1,3,2
2.3543561181526,1,-0.17284554280965,2,1,3,2,3,1,1,1,2,2
-0.519748339560405,0,-0.70368643578518,1,1,2,2,3,1,1,1,1,1
1.45118430156816,1,-0.320579411432799,1,2,3,3,2,1,1,1,1,1
0.00514394912979184,1,1.79825406275924,3,3,4,4,4,2,3,2,4,4
0.404126504024474,0,-0.883662062200131,1,2,2,2,3,1,1,1,1,1
-0.840492163711689,0,1.3219867219994,3,3,4,4,4,3,2,2,3,2
0.0990422232594827,1,0.568116678540374,2,3,3,3,4,1,1,1,2,2
0.796114399402275,0,0.837221376625513,2,2,4,4,4,1,1,1,2,2
-0.641252200149636,1,-0.621732876779416,1,1,2,3,2,1,1,1,2,1
-0.153366728593969,0,-0.605353466211287,1,1,3,3,3,1,1,1,2,1
-0.587948391215558,1,1.15014451550434,3,3,4,4,4,2,2,1,2,2
0.768359793639856,1,0.999711457904518,2,3,3,4,4,1,1,1,2,2
-1.43384573277412,0,-0.552326172675118,1,1,3,2,2,1,1,1,1,1
1.25506667660353,0,-1.23475654020003,1,1,2,2,2,1,1,1,1,1
-1.49768519861878,1,0.789596285122228,2,2,3,3,4,1,1,2,2,2
-0.803932670580697,1,0.116855623143994,2,2,3,3,3,1,1,1,1,2
-1.25997844964941,1,1.02489220909363,3,3,4,4,4,1,1,1,3,2
0.798024241156078,1,1.21083830270024,3,3,4,4,4,2,1,2,2,3
0.15215687321032,0,1.27782440747426,3,3,4,4,4,2,1,2,3,3
1.90114751216329,0,-0.709614122618053,1,1,2,2,2,1,1,1,1,2
-0.832157668506845,0,2.09707106557381,4,5,5,5,4,2,2,3,4,3
0.875710371866191,1,0.0623789078462068,2,2,3,3,3,1,1,1,2,2
-0.150757160600036,1,0.611069749017689,2,2,4,3,4,1,1,1,2,3
-0.202263856876954,1,0.501668227262864,2,2,3,4,3,1,1,1,2,2
0.773821869174458,1,0.83920142340561,2,3,3,3,4,2,1,1,2,2
-1.51053815498837,0,-0.705719682038252,1,1,2,2,2,1,1,1,1,1
-0.122926804543995,0,-0.887772065558015,2,1,3,2,3,1,1,1,1,1
-0.164139668531799,0,-0.907825475301329,1,1,2,2,2,1,1,1,1,1
0.137349480939241,1,-0.762961012364888,1,1,2,2,2,1,1,1,1,1
-0.00397273957053527,1,-0.320718704289427,1,2,3,3,3,1,1,1,2,2
-0.0818398041592164,0,1.41754314743575,3,3,4,4,4,2,2,1,2,3
-0.296754984644402,0,1.06684790474452,2,2,4,4,4,2,1,2,2,2
1.44773808552321,0,0.57984599409922,2,2,3,4,4,1,2,1,2,2
-0.663885835132562,0,0.381001197725932,2,2,4,3,3,1,1,1,2,2
-0.933911964831367,0,-1.45280534212824,1,1,2,2,2,1,1,1,1,1
0.747733096204237,1,0.288054353134533,2,2,3,3,3,1,1,1,2,2
0.140766714985848,0,0.676990010787222,2,2,4,4,4,1,1,1,2,2
0.0931407263260112,1,0.34676283207408,2,2,3,3,3,1,1,2,2,3
-1.20224190875712,1,0.65193142237765,2,2,4,4,3,2,1,2,3,2
0.359933486494984,1,1.0585633533263,3,2,3,4,4,2,1,1,2,2
-0.0869720172722657,1,0.231991658094127,2,1,3,3,3,1,1,1,2,2
1.34604402195163,1,0.885515494269169,2,2,4,4,4,2,1,2,3,2
0.0242278099867571,1,0.18734354547233,2,2,3,3,3,1,1,1,2,2
-0.738264353969769,1,1.70620762487408,4,2,5,4,4,2,3,3,3,2
-0.955939794670286,0,-0.170831435584627,2,2,3,3,3,1,1,1,1,2
1.01488623707958,1,-0.685631290458065,1,1,3,2,2,1,1,1,1,1
1.14889671229188,0,1.09156526499033,2,3,3,4,4,2,2,1,3,3
0.434611563176274,0,-0.930986562678508,1,1,2,2,2,1,1,1,1,1
0.430169728645276,0,0.758015456758544,3,2,4,3,3,1,1,2,2,2
0.424237713140167,1,-1.52138089992524,1,1,2,2,2,1,1,1,1,1
0.0775907986952791,0,-0.625516623935919,2,1,2,3,3,1,1,1,2,1
0.398935737934187,0,1.56195975900247,3,3,4,4,4,2,2,2,3,3
1.11547355298286,1,1.38237398674813,3,2,5,4,4,2,2,2,3,2
-1.08259012648639,1,0.830472021591827,3,2,3,4,4,1,1,1,3,2
1.23205214017276,1,0.574682427589214,2,2,3,3,4,1,2,1,2,2
-1.31774111665428,1,0.289567091618679,1,2,3,3,3,1,1,1,2,2
-1.64901345467594,0,0.790041221986663,2,2,4,4,4,1,1,1,2,2
-0.303694194240636,1,0.0429407178396446,2,2,3,3,3,1,1,1,1,2
-0.0039573256885093,1,1.31856896816135,2,4,4,4,4,1,2,1,2,3
0.339329145940599,0,0.963810647845736,3,3,4,4,4,2,1,2,2,3
0.463759992755122,1,1.83127365650206,3,3,4,5,4,2,2,2,3,3
-1.75319579187468,1,0.426219229504072,2,2,3,3,3,1,1,1,2,2
0.993062903454014,0,-0.542129965529671,1,1,3,2,3,1,1,1,1,2
1.47653052633067,0,1.8065119317691,4,3,4,4,4,2,2,3,3,3
-0.756193609975936,1,-0.305895213846688,1,2,2,3,3,1,1,1,1,2
-1.61567516188344,1,-0.725465294503422,1,2,3,3,2,1,1,1,1,1
-0.115955828158902,0,0.84186890396761,2,2,4,4,3,1,1,1,2,3
-0.68398994566201,1,1.57504614402546,2,3,4,5,4,2,2,2,2,4
0.752877224019504,0,-0.122205936386837,2,1,3,3,3,1,1,1,2,1
0.754217718314947,0,0.251521936874023,2,2,3,3,4,1,1,1,1,2
-0.261838532503433,0,-0.802911279777946,1,1,2,2,2,1,1,1,1,1
1.91145021380655,0,0.204502975419525,2,2,3,3,3,1,1,2,2,2
-0.0499192897814856,1,-0.119453850053253,2,1,3,3,3,1,1,1,2,2
0.0178043464534352,0,-0.42160039061552,1,1,3,3,2,1,1,1,1,1
-1.02755747938841,1,0.26667714645209,1,3,3,3,3,1,1,1,2,2
-0.328391777003989,0,-0.050906769764052,2,2,3,3,3,1,1,1,2,1
0.102763120375363,1,0.506368353126956,3,2,3,3,4,1,2,1,2,2
0.136133300022911,1,1.42508144812645,3,3,4,4,4,2,2,1,3,3
0.412340743284947,0,0.657789122947159,2,2,3,3,3,1,1,1,2,2
-2.12019950604439,1,-0.0290229399423568,1,2,4,3,3,1,1,1,2,2
1.2824868481841,0,1.90352505118992,4,4,4,5,4,2,3,2,3,3
-2.8649937973251,0,0.191910793555271,2,2,3,3,3,1,1,1,2,2
-0.368575790180049,1,-0.641320997488337,1,1,3,2,2,1,1,1,1,1
-0.470055038979064,0,-0.505688737988827,1,1,3,3,3,1,1,1,1,1
0.98218728516457,0,0.322913908965869,2,2,3,3,3,1,1,1,2,2
-0.207323425683824,0,1.0408749567429,2,3,4,4,4,2,2,2,2,2
0.319263170509062,0,-0.0151742799349763,2,2,3,3,4,1,1,1,2,2
1.24142389742281,1,-0.432589713366864,1,1,3,3,2,1,1,1,1,2
-2.12656780769022,1,-0.795561418389231,1,1,2,2,2,1,1,1,1,1
-0.224673618888356,1,0.336562329983277,2,2,3,3,3,1,1,1,2,1
1.69200889524051,1,0.411225299901951,2,2,3,3,4,1,1,1,2,2
0.904663267219282,1,0.621815854791654,2,2,4,3,3,1,1,1,2,2
0.0876322784598522,1,-0.260120956535022,1,1,3,3,3,1,1,1,2,1
-0.386643202863109,1,1.68385025144047,4,4,4,5,4,2,3,2,4,2
0.0186283517362991,1,0.205441511453647,2,3,3,3,3,1,1,1,1,2
2.13585971774383,0,-0.152580386900736,2,1,3,3,3,1,1,1,2,2
0.468773006765216,0,0.584792438396647,2,2,3,3,4,1,1,1,2,2
1.71064001350755,0,1.24838813994321,2,3,4,5,4,1,1,1,3,3
2.47481950421476,0,-0.099189758532388,1,2,3,3,2,1,1,1,2,2
0.350493904751324,0,0.563142705838763,2,2,3,4,3,1,2,1,2,2
0.258350467508133,1,-0.791160559772417,1,1,2,3,3,1,1,1,1,1
0.633460561079892,0,0.126329129110685,2,2,3,4,3,1,1,1,2,2
-0.420362884328322,1,1.32370474280241,3,3,4,4,4,2,1,2,4,3
-0.458305935463348,1,-0.373271445368557,1,1,3,3,3,1,1,1,1,2
-1.12827685539061,1,1.01849872396103,3,3,4,5,4,1,2,2,3,3
-0.350629176131809,1,-0.461968153482729,1,2,2,3,2,1,1,1,2,1
0.451512862582691,1,1.14417004105107,3,2,4,4,4,1,2,1,2,3
0.413488845956812,1,0.775850401245469,2,2,3,4,4,1,2,1,2,2
1.66804232833394,1,0.547424999742158,3,2,3,3,3,1,1,1,2,2
-0.348875096902518,1,-0.354257738980622,2,2,2,3,3,1,1,1,1,1
1.26891649685278,1,0.528016380397309,3,2,4,4,3,2,1,1,2,2
-1.42905690016508,0,-0.254039736520039,1,2,3,2,3,1,1,1,1,2
-1.54823960819235,1,-0.0842025904944609,1,2,3,3,3,1,1,1,2,2
-0.578896277192627,0,-0.160211716258245,1,2,2,3,3,1,1,1,1,1
0.912054480135492,0,0.76778453069961,2,2,4,4,3,1,1,1,2,2
0.0674148600426934,1,-0.293151222907015,1,2,2,3,3,1,1,1,1,1
-0.55870236709444,0,-1.02221420428571,1,1,2,2,2,1,1,1,1,2
-0.972241719309539,0,0.463491060926315,2,3,4,3,3,1,1,1,2,2
-0.477662220908848,0,1.14838455759969,3,3,3,4,4,2,2,2,2,3
-1.80703618294805,1,-0.155649803944455,2,1,3,3,3,1,1,1,2,1
-0.60551783494351,0,-0.818456403893264,1,1,3,3,3,1,1,1,1,1
-1.24023450079968,0,-1.03330587192008,1,1,2,2,2,1,1,1,1,1
0.734145386070044,1,2.0878651405529,4,4,5,4,5,2,3,3,3,5
-0.514252421363434,1,0.87901513471007,2,3,4,4,3,1,1,1,2,2
0.377210111805692,1,1.71808733717016,3,3,4,4,5,2,2,2,3,2
-0.137970682379126,0,1.04278298031712,2,2,4,3,4,2,2,1,3,2
-0.238336249639999,1,0.0173598448855606,2,2,3,3,3,1,1,1,2,2
0.654097909334274,1,1.65880196412428,3,3,4,5,4,2,2,1,4,4
1.18191547678916,0,1.24509575047929,3,2,5,4,4,2,2,2,3,3
-0.759198529768567,1,1.54314778251473,3,2,4,4,4,2,1,2,3,3
-1.04726523954592,0,-0.746240267198279,1,1,2,3,3,1,1,1,1,1
-0.274074474704836,0,-0.524214049935427,1,1,3,3,3,1,1,1,1,1
1.1430292563561,0,-0.369164129809108,1,1,3,3,2,1,1,1,2,2
-0.771694010639049,0,-0.0355518582778018,2,2,3,3,3,1,1,1,2,1
-1.17687982262993,0,0.503214782309315,2,2,3,3,3,1,1,1,2,2
-1.43992684784223,0,-0.816261228749445,1,1,2,3,2,1,1,1,1,1
-0.191566466302347,1,1.1727783316172,2,2,4,4,4,1,1,1,3,2
0.693752505489231,0,-1.38035201241399,1,1,2,2,2,1,1,1,1,1
0.8915072318051,0,-0.652752515888338,1,1,3,2,3,1,1,1,1,1
-1.28611077261426,0,-0.0291542025521983,2,2,3,4,3,1,1,1,2,2
-1.80058083048544,1,-1.53625247915419,1,1,2,1,2,1,1,1,1,1
-0.692388698746385,1,0.0384053551418866,2,2,3,3,3,1,1,1,2,2
-0.599920537429106,1,0.529373852408605,2,2,3,3,4,1,1,1,2,2
-1.32851373084727,1,-1.55173679023227,1,1,2,2,2,1,1,1,1,1
0.672952257909445,1,1.551367824349,2,4,4,4,5,2,2,2,3,3
-0.273323981150449,1,-0.00769854992414309,2,2,3,3,3,1,1,1,2,2
-0.027530925623453,1,1.48074513968635,2,3,4,5,4,2,2,3,4,3
0.284538585460643,1,0.21185581885839,2,2,3,3,3,1,2,1,2,2
-1.03319782172237,1,-0.49299942470471,2,1,3,3,3,1,1,1,1,2
-0.548079389240195,0,-0.990182468470611,1,1,2,3,2,1,1,1,1,1
-0.964258154778474,0,-0.414866856812617,1,2,2,3,3,1,1,1,1,1
0.53182866885598,0,-0.363890773643132,2,1,3,3,3,1,1,1,2,1
0.760515558968588,0,-0.489621772247528,1,1,2,3,3,1,1,1,1,2
1.22489582394022,1,1.10554350463996,2,2,4,4,4,2,2,2,3,2
-1.62490027006127,0,0.991078377306735,2,3,4,4,3,1,1,1,3,3
-0.727906673713245,0,-0.183228784126156,2,2,3,2,3,1,1,1,1,1
2.10483607805055,0,-0.0616253613505275,2,2,3,3,3,1,1,1,2,2
0.469678168478114,0,0.745582083536565,2,2,4,4,4,1,1,1,3,3
0.38404504828591,0,0.35939080515686,2,2,4,3,3,1,1,1,2,2
-1.41460736838819,1,0.665117372270903,2,3,4,4,4,1,1,1,2,2
0.782196665856788,1,0.383079679269993,2,2,3,3,3,1,1,1,2,2
-0.63026070675812,0,0.958546558793145,2,2,3,4,3,1,1,2,2,2
-0.0411069366223939,1,0.69748691772378,2,2,4,4,3,1,2,1,3,2
0.120633192154756,0,-0.0311471902300153,2,2,3,3,3,1,1,1,1,2
-1.06113993440217,1,0.125752197455713,2,1,3,3,3,1,1,1,1,2
0.648454976161809,1,-1.26905418443458,1,1,2,2,2,1,1,1,1,1
1.66613500260501,1,0.849540315972632,2,2,3,4,4,1,2,2,2,2
0.742856622766881,1,0.949730292806708,2,3,4,4,4,1,1,1,2,2
2.31458719676784,1,0.921400547919915,2,2,4,4,4,2,1,1,3,2
-0.0777005677215378,1,0.979378631448893,2,2,4,3,4,2,1,2,2,2
-1.31818454008847,1,-0.308057761676112,2,2,3,3,3,1,1,1,1,1
-0.518050212781474,0,-0.215021788991257,2,1,3,3,3,1,1,1,2,1
2.23851111298683,0,1.07326455785302,3,3,4,4,4,1,1,2,3,3
0.654238603346529,0,-0.203050801895192,1,1,3,3,3,1,1,1,2,1
0.375554087381593,0,-0.369768473711023,1,1,3,3,3,1,1,1,1,2
-1.26471558395529,1,1.04642122253319,2,3,4,4,4,2,1,1,2,2
0.310852478724384,0,0.656585443338481,2,2,4,4,3,1,1,1,2,2
-0.36924371099043,0,-1.50021276317834,1,1,2,2,2,1,1,1,1,1
-0.65513839979976,1,1.05245422380411,2,2,3,4,4,2,1,2,2,3
-1.64673020784872,1,0.773324490921315,2,2,3,4,4,1,2,2,2,2
-0.318374386393774,1,-0.482499687819783,2,1,3,3,3,1,1,1,1,2
-1.7393374787782,1,0.526875143676112,2,2,3,3,4,1,1,1,2,2
-0.503819589975666,0,-0.719639076766045,1,1,2,3,2,1,1,1,1,1
-0.205246081579044,0,-0.510818370208681,1,1,3,3,2,1,1,1,2,1
0.145512473553538,1,0.0738392801723652,2,2,3,4,3,1,1,1,2,2
0.251341492618179,1,0.369329756033291,2,2,3,4,3,1,1,2,2,2
-0.784639508341873,1,-0.251865934808386,2,1,3,3,2,1,1,1,1,2
1.81223667267856,0,0.361546185322033,2,2,3,3,3,2,1,1,2,2
-0.543515127347758,0,-0.299198267686522,1,2,3,3,3,1,1,1,1,1
0.188640935723108,1,-0.654565580693729,1,1,2,2,2,1,1,1,1,1
1.39655922598874,0,-0.180766462821173,2,1,3,3,3,1,1,1,2,2
1.60274731622796,0,0.607401977773914,2,2,4,4,3,1,2,1,2,3
1.33499238663796,1,1.86110366619627,3,3,5,4,4,2,2,2,4,4
-1.17962213612899,1,-0.984105838620236,1,1,2,2,3,1,1,1,1,1
-1.07750545737271,0,0.546533278180919,2,2,4,3,3,1,1,1,3,2
1.62896823527719,0,-0.550937585926748,2,1,2,3,3,1,1,1,2,1
1.01459657717378,0,-0.279459291405708,1,1,3,3,2,1,1,1,1,1
0.649284161175845,0,1.56110618045386,3,3,4,4,4,2,1,2,3,3
0.441670297714583,1,0.278696567672077,2,2,4,3,4,1,1,1,2,2
0.814675080947279,1,0.251802597856585,2,2,3,3,3,1,1,1,2,2
1.86429567748582,0,0.313124914540763,2,2,3,3,4,1,1,1,2,2
0.596465234346236,0,-0.663819859857925,1,1,2,3,2,1,1,1,1,1
-0.41519592588554,0,0.000564468927380823,2,1,3,3,3,1,1,1,2,2
1.0486826418887,0,-0.522300570126956,1,1,2,3,3,1,1,1,1,1
1.07994653949921,0,0.233099927765411,2,2,3,3,3,1,1,1,2,2
0.849156764951453,0,-0.772876117163047,1,1,2,2,2,1,1,1,1,1
-0.925415515915325,0,-0.735822801473486,1,1,3,3,2,1,1,1,1,1
1.53044493029856,0,-0.886965103972465,1,1,2,2,3,1,1,1,1,1
-1.0125610980544,1,0.106420157834786,2,2,3,3,3,1,1,1,2,2
1.46734654083723,0,-0.00358099853090948,1,2,3,3,3,1,1,1,2,1
-1.04494068675005,0,-0.422467782959641,1,1,3,2,3,1,1,1,1,2
-0.779450782569652,1,-1.03007143610147,1,1,2,2,2,1,1,1,1,1
-0.634980405333202,0,1.2032835046064,2,3,3,4,4,2,1,1,2,3
0.0758791127545998,1,-1.46947777926324,1,1,2,2,2,1,1,1,1,1
0.837897584028737,0,-1.03856411794877,1,1,3,2,2,1,1,1,1,1
-0.890954519432755,1,2.44108248706632,4,4,4,5,5,2,3,3,5,4
0.622193874326049,1,-0.985584101258616,1,1,3,2,2,1,1,1,2,2
0.742621099656406,0,-0.795389597466243,1,1,2,2,3,1,1,1,1,1
0.211603352372326,0,-0.44640184466675,1,1,3,3,3,1,1,1,1,1
0.669025674068202,1,1.68688104900966,3,3,5,4,5,2,2,2,3,3
-0.486109419916773,0,-0.487050723274486,1,1,2,3,3,1,1,1,1,1
-0.957179619902267,0,-0.016630130633947,2,1,2,3,3,1,1,1,2,2
1.32176446117452,1,0.756435403141195,2,2,3,4,4,1,1,1,2,3
1.00239278878213,0,-0.654173814522894,1,2,2,2,3,1,1,1,2,1
-1.41225301680835,1,-0.44201311217922,1,2,3,3,2,1,1,1,1,1
-0.977939289675761,1,0.655909979346591,2,2,3,3,4,1,1,1,2,2
-0.447797325916951,0,0.373253824556717,2,1,3,3,3,1,1,1,1,2
-1.14794443364134,0,-1.69051336121537,1,1,2,2,2,1,1,1,1,1
0.617238185257211,1,0.768278570195949,2,2,4,4,4,1,1,1,2,3
-0.730508803489604,1,1.10192147921276,2,3,4,4,4,2,1,1,2,2
0.499792748154819,0,0.0670601145529318,2,2,3,2,3,1,1,1,2,2
-0.745962143979063,0,-0.0985755712772921,3,1,2,3,3,1,1,1,1,2
-1.83543531323768,1,-0.718174863226572,1,1,3,2,2,1,1,1,1,2
-0.612722076293628,1,0.795521252412108,3,3,4,3,4,1,1,1,2,3
0.0624263014725051,0,0.601970059645277,3,2,4,3,3,1,1,1,2,2
-1.10013903894684,0,0.664588800941033,2,2,4,4,3,1,1,1,2,3
-1.60531129361893,0,-1.56228165090288,1,1,2,2,2,1,1,1,1,1
-0.961646007518584,1,0.492606625408965,2,2,3,3,3,1,1,1,2,2
-1.47653294661874,0,-0.776086413326259,1,1,2,3,3,1,1,1,2,1
-1.74805957742995,1,-1.10813039959536,1,1,2,2,2,1,1,1,1,1
0.563955057275422,0,-1.31913865825687,1,1,2,2,2,1,1,1,1,1
-0.287186308478237,0,0.704052974844277,2,2,4,3,4,1,2,1,2,2
-0.293142913060963,1,0.242053238452017,2,2,3,3,3,1,1,1,2,2
1.29110472594712,0,0.194340205532495,1,2,3,4,3,1,1,1,1,2
-0.580039988253576,1,2.78940742480901,5,4,4,5,5,3,3,3,5,5
-0.67757927176221,0,-1.54059202254102,1,1,1,2,2,1,1,1,1,1
-0.257059036815466,1,1.85623943648749,4,3,4,4,5,3,2,2,4,4
-1.0170524713678,0,-0.0632481811792754,1,1,3,2,3,1,1,2,2,1
-1.04587838180151,1,-0.918376113675741,1,1,3,2,2,1,1,1,1,1
-1.4402561192609,0,-0.769241784799123,1,1,2,2,2,1,1,1,2,1
-2.18094684782533,1,0.0183199183368344,2,2,3,4,3,1,1,1,2,2
0.922369107065481,0,0.495873228568675,2,2,3,3,3,1,1,1,1,2
1.73838274948146,0,0.329850313432738,3,1,4,4,4,1,1,1,2,2
0.634349512693475,1,-0.537897258721183,1,1,3,3,3,1,1,1,1,1
-0.545072429298511,0,0.905955246796047,3,3,4,4,4,1,1,2,3,3
0.778932355596113,0,-0.545747114474377,1,1,3,2,3,1,1,1,1,1
0.823054073305769,0,0.214011524292016,2,2,3,3,3,1,1,1,2,2
-0.24158562831111,0,1.13863622801554,2,2,3,4,4,1,1,1,3,2
-1.89934985166843,1,0.336799920430993,2,2,4,4,3,1,1,1,2,2
-0.751404696347153,0,0.0618571688992862,2,1,3,3,3,1,1,1,2,2
-1.05994095363956,0,-0.630656987627806,1,1,3,3,2,1,1,1,1,1
-0.287261058592924,0,-0.821504195569374,1,1,3,3,2,1,1,1,1,1
1.55741082502024,0,1.7761167612696,3,3,5,4,4,2,2,2,3,3
-0.170482780467913,0,-0.568482217059393,1,1,2,2,2,1,1,1,1,1
1.3369632964544,1,1.97559537986231,4,4,4,4,4,2,2,2,3,3
1.11983273733301,1,0.877650021737476,2,2,4,3,3,1,1,2,2,2
0.755180815385894,1,0.0346062946538898,2,2,3,3,3,1,1,1,2,2
-0.66687933826579,1,0.224319905264671,2,2,3,3,3,1,1,1,2,2
0.597884546132438,0,-1.83108149223271,1,1,2,2,1,1,1,1,1,1
0.663518678141349,1,0.147465281640733,2,2,3,3,3,1,1,1,1,2
1.17651955662364,1,-0.83451483342022,1,1,3,2,2,1,1,1,1,1
0.157172674836446,1,-0.110706060088991,2,2,3,3,3,1,1,1,1,2
1.10961314977972,1,0.519173052525519,3,2,3,4,3,1,1,1,2,2
-0.356899519228463,1,0.0749383693794652,1,1,3,3,3,2,1,1,2,2
0.879288209422153,0,0.403379749606697,2,2,3,3,3,1,1,1,2,2
0.547763255456606,1,1.41794787404914,2,2,4,4,4,2,2,2,2,4
-1.27133005308189,1,-0.560402764813227,1,2,3,3,3,1,1,1,1,1
-0.23848614852683,0,-0.233859719977336,2,1,3,3,3,1,1,1,2,2
-1.22486602464124,0,-0.654474656208312,1,1,3,2,2,1,1,1,2,1
0.569826052497481,0,1.03547520807018,2,2,4,4,3,2,1,2,2,2
1.03419202113488,0,0.571558770222413,2,2,4,3,3,1,1,1,2,3
-0.477660032446519,1,0.493518229939375,2,2,3,3,4,1,1,1,2,2
-0.533035690625785,1,1.01447160329027,2,2,4,3,4,2,2,2,2,2
0.0458115713639641,0,-1.48457330522036,1,1,1,2,2,1,1,1,1,1
-0.065183348433978,1,-0.887685648337066,1,1,2,2,3,1,1,1,1,1
0.579213509981239,1,0.594292321107184,2,2,4,4,3,1,1,1,2,2
-1.5994831142903,1,0.445357516777017,2,2,4,3,3,1,1,1,2,2
1.02152990156756,1,0.355289527706417,2,2,3,3,3,1,1,1,3,2
1.31500090613621,1,0.904830148580644,2,2,3,4,4,1,2,2,2,2
0.249269494033195,1,-0.477732185130983,1,1,3,3,2,1,1,1,1,1
1.39131323418875,0,1.34401420566933,3,3,4,4,4,2,1,1,2,3
-0.452563941056281,0,1.64993619036061,4,3,4,4,4,3,2,2,3,3
-0.239559734974995,0,-0.00905304075873961,2,2,3,3,3,1,1,1,2,1
0.0646656189024383,0,-2.13438401506033,1,1,1,2,2,1,1,1,1,1
-0.0981679900858418,0,0.438927282480563,2,2,4,3,4,1,1,1,2,2
-1.18159133517623,0,0.639069596749272,2,2,3,3,4,1,1,1,2,2
-0.608371332819834,1,0.496431602016545,2,2,3,4,4,2,1,1,2,2
-1.6189602064511,0,-1.00439487955884,1,1,2,2,2,1,1,1,1,1
1.80616173613094,1,0.0372508601667428,2,2,3,3,3,1,1,1,2,2
-1.36002725531846,0,-1.59516563730129,1,1,1,2,2,1,1,1,1,1
0.026796781086424,0,0.134323919147274,2,2,3,3,3,1,1,1,2,2
1.20797005216962,0,-1.04588062351128,1,1,2,3,2,1,1,1,1,1
0.418023191563627,1,-0.20659341685484,1,1,3,3,3,1,1,1,2,1
0.296068518219735,1,-0.364587513599059,1,1,2,3,2,1,1,1,1,1
-0.0817621167820937,0,0.0246329762283638,2,2,3,3,4,1,1,1,2,2
-0.365552033725827,0,0.206887083564109,2,2,3,3,4,1,1,1,2,1
0.385286766657525,0,0.373487402291906,2,2,3,3,3,1,1,1,2,2
-0.730414852433005,1,1.0194134141042,2,3,4,3,4,1,1,1,2,2
-0.729090817152028,1,0.410392591799521,2,3,4,3,3,1,1,1,2,2
-0.608583942349422,1,0.564613161339149,2,2,3,3,3,1,1,1,2,2
-0.900839964452965,0,-0.65031652574678,1,1,3,2,3,1,1,1,2,1
0.184161966874813,0,0.666628018474788,2,2,3,3,3,1,1,1,2,2
-0.334363963681053,1,0.697926160112942,3,2,3,4,4,1,1,1,2,2
0.650821576000207,0,1.06718532697682,2,3,3,4,4,2,2,1,2,3
1.1075995159741,1,0.107671236117999,1,2,3,4,3,1,1,1,2,2
1.47405702736303,1,0.497253772912088,2,2,3,3,3,1,1,1,2,2
0.80087352535461,0,0.338685120221912,2,2,3,3,4,1,1,1,2,2
0.93972912303324,1,-0.816940042293816,2,1,3,2,2,1,1,1,1,1
-1.47533433265313,0,0.00104860425679254,2,2,3,3,3,1,1,1,2,2
-1.08680854477052,0,0.719631423733735,2,2,4,4,3,1,1,1,2,2
-1.37747354408531,0,-0.51986736394302,1,1,3,3,3,1,1,1,2,1
-0.977718906869651,1,1.48593469960143,2,3,4,4,4,2,2,2,3,3
0.0346369435034464,1,0.368797469043111,2,2,3,4,3,1,1,1,3,2
1.33770655460155,0,-0.212486454791899,2,1,3,3,3,1,1,1,1,1
-0.894804580276521,1,-1.17358560575791,1,1,2,2,2,1,1,1,1,1
-2.64222818555441,0,-0.569726144501476,1,1,3,3,3,1,1,1,1,1
0.135143275128253,0,-0.273988222161064,2,1,3,3,3,1,1,1,2,2
-0.228425852587168,0,0.807437986235803,2,3,4,4,3,1,1,1,3,3
-0.403623368098199,0,1.60197720229086,3,3,4,4,4,2,2,2,4,4
0.108919428950829,1,-0.624304636992358,1,1,3,3,3,1,1,1,1,1
-1.96506176100569,0,0.91376988114783,2,2,4,4,4,1,2,2,3,2
0.478288295462289,1,1.94892810175088,4,3,4,5,4,2,2,2,3,3
0.0389728763558369,0,-0.251705496187227,2,2,3,3,3,1,1,1,1,1
-0.53489640215524,1,1.41756318385963,3,3,4,4,4,2,2,2,2,4
-0.426971934276575,1,0.639775655712536,2,3,4,4,4,2,1,1,2,2
0.712298101725814,1,1.08452425040453,3,2,4,4,4,2,1,2,3,3
-0.594392073869456,0,-0.352058156516035,1,1,3,3,3,1,1,1,2,1
0.261286077148307,0,1.50127787342983,3,3,5,4,4,2,2,2,4,3
0.586668127703309,1,1.20621444699847,3,3,4,4,4,1,1,1,3,3
0.576218263288865,1,1.61369891691262,3,3,4,4,5,1,2,2,4,3
0.0146499960151726,0,0.282396298281196,2,2,3,3,3,1,1,1,2,2
0.309398526225225,1,-1.52421930343499,1,1,2,2,1,1,1,1,1,1
0.102044438590297,1,0.501330195349807,3,2,3,3,4,1,1,1,1,2
0.407936326735694,0,0.124929936681854,2,2,3,3,3,1,1,1,2,2
-1.25279547580737,1,0.226764765394529,2,2,3,3,3,1,1,1,3,2
-0.33480962151912,1,-0.012381254335356,2,2,3,2,4,1,1,1,1,2
-0.623800626363514,1,1.21386681382521,4,2,4,4,4,2,2,2,3,3
-0.307102989265182,1,1.99276636295925,4,3,4,4,4,2,2,2,4,3
0.787074111507427,1,0.650048214388553,2,2,4,3,4,2,2,1,2,2
-0.22917693860587,0,-0.0972062102932063,2,2,3,3,3,1,1,1,2,2
-1.38450719142801,0,-1.04501946087912,1,1,2,3,2,1,1,1,1,1
-0.701384779799715,0,0.354068737373019,2,2,3,3,3,1,1,1,2,1
0.0323219424324125,1,0.446992267096367,2,2,3,3,3,1,1,1,2,2
-0.405442555963062,1,0.232913235493312,2,3,3,3,3,1,1,1,3,2
-0.570102820247219,0,0.329671657815881,2,2,3,3,4,1,1,1,2,2
0.234537690992857,1,-0.879281962047656,1,1,2,2,3,1,1,1,1,1
0.168078098119164,1,-0.377295063517117,1,1,3,3,2,1,1,1,2,2
-0.689358425557651,1,1.57825845762634,3,3,4,5,4,2,2,2,3,4
0.271870948207151,0,-1.10862575916776,1,1,3,2,2,1,1,1,1,1
-0.13802336603143,1,1.32093961975561,3,4,4,4,4,1,2,1,3,3
-0.915123213091147,0,0.510730718681429,1,2,3,4,4,1,1,1,3,2
0.813870725246049,0,0.207548417577417,2,2,3,3,3,1,2,1,2,2
0.299953977368475,1,1.87828625758954,3,4,4,4,5,3,2,2,4,2
0.250756481994238,0,0.249995638406724,2,2,3,3,2,1,1,1,2,2
1.50408369102022,1,1.87851855358069,3,4,5,5,5,2,2,2,3,3
0.280280139684748,0,0.823566257406028,2,3,3,4,4,1,2,1,2,2
1.14993131458755,1,0.981089393555589,3,3,4,3,3,2,2,1,2,2
0.241258742493614,0,-0.839385726470903,1,1,2,3,2,1,1,1,1,1
0.0576041176169928,0,-0.867248661133853,1,1,2,2,2,1,1,1,1,1
-0.928464255655103,1,0.629287294177874,2,2,3,3,3,1,1,1,2,2
-0.083912139035879,1,0.480764381715147,2,2,3,4,4,1,1,1,2,2
1.26781298896283,1,0.363003717915165,2,2,4,3,3,1,1,1,2,2
-0.409129018147026,0,0.99033860701078,2,2,4,4,4,1,1,1,2,2
-0.200748410249427,1,0.672743667850147,3,2,3,4,3,1,1,1,2,2
-0.181205881300355,0,-0.383283207477751,1,1,3,2,3,1,1,1,2,2
1.18914385376079,0,0.465147986988025,2,2,4,3,3,1,1,1,2,2
-0.155215901374274,0,0.00674506118821191,2,2,3,3,3,1,1,1,2,2
-0.913316547890812,0,-1.37453196446615,1,1,2,2,2,1,1,1,1,1
-1.54147657039631,1,0.943991621340362,2,3,4,3,4,2,2,1,3,3
-0.56259478366242,0,0.53920017674781,2,2,3,4,3,1,2,1,2,2
1.04440073459239,0,1.06401011863373,3,3,4,4,4,2,1,2,2,2
0.725525624703992,1,1.42028403390505,3,3,4,4,4,2,2,2,3,2
0.0505755749467661,0,-0.503557505357604,1,2,2,2,2,1,1,1,1,1
-1.27003957187205,1,0.205954511037952,2,1,2,3,3,1,1,1,2,2
-1.07107572940651,1,0.329851253612947,2,2,3,3,3,1,1,1,2,2
-0.427627376769733,1,1.39799233362472,2,3,4,4,4,2,2,2,2,3
0.22474546392031,0,-0.748987679514098,1,2,2,3,3,1,1,1,1,1
0.840079926481422,1,0.211239525494083,2,2,3,3,3,1,1,1,2,2
-0.173536086194896,0,-0.673675297167784,1,1,2,2,3,1,1,1,2,1
-1.00799258503292,0,0.499849841429156,2,2,4,4,3,1,1,1,2,2
0.768822930905853,1,0.0923989122088493,2,1,3,3,3,1,1,1,1,2
-0.633176432353821,0,0.0012502208615168,1,2,3,3,3,1,1,1,2,1
1.31439433655887,1,0.34835433416615,2,2,4,3,3,1,1,1,2,2
0.110275566691834,0,-0.80674131186883,1,1,2,2,2,1,1,1,1,1
0.870063020303765,1,1.01619070943609,3,2,3,4,3,2,1,1,2,3
-1.20255980428831,0,-0.0457199824367258,2,2,3,3,3,1,1,1,2,2
1.01164240698236,0,-0.0100622202966521,2,2,3,4,3,1,1,1,2,2
0.0269222961467784,0,0.422674594656423,2,2,3,3,3,1,1,1,2,2
0.374386371049825,1,0.387761924822148,2,2,3,3,3,1,1,1,2,2
0.764066341646603,1,1.53460655964245,3,3,4,4,3,2,2,2,3,2
1.06053174488983,1,0.583903310010278,2,2,4,3,3,1,1,1,3,2
-0.715689686673587,1,-0.0561783213890453,1,1,3,3,3,1,1,1,2,2
1.0153185980032,0,0.672294967032641,2,2,4,3,4,1,1,1,2,3
-0.358362679549538,0,-0.145020244959481,1,1,3,3,3,1,1,1,2,1
-1.54236502540339,0,-1.53584648485717,1,1,2,1,2,1,1,1,1,1
1.00163021367557,0,0.258813813795045,2,2,3,3,4,1,1,1,2,1
-0.369529951208611,0,-0.357057748492247,2,1,3,3,3,1,1,1,2,1
-0.120838056310988,1,-0.151161117196704,1,2,3,3,3,1,1,1,2,1
0.125646961007418,0,0.895315984798866,2,2,4,4,3,2,1,1,2,2
-0.936823541789046,1,-0.181457814586457,1,2,3,2,3,1,1,1,1,2
1.40985409038906,0,-1.27149759258493,1,1,2,2,2,1,1,1,1,1
-0.339129173265032,0,0.979877795614163,2,2,4,5,4,2,1,1,3,3
0.761867064911624,0,0.0155681717398454,2,2,3,3,3,1,1,1,1,2
1.30352060795611,0,0.350457953302411,2,2,3,3,4,1,2,1,2,2
-0.188120286293788,1,-0.42947532540142,1,1,2,3,3,1,1,1,1,1
-0.959317127597273,0,-0.327344045624178,1,1,3,3,2,1,1,1,2,2
-1.03132439262601,0,-1.0925979618561,1,1,2,3,2,1,1,1,1,1
-0.587773783479302,0,-0.613604327641263,1,1,2,3,2,1,1,1,1,1
0.747650055126144,1,0.358228348858386,2,2,3,4,3,1,1,1,2,2
-1.58406009220415,1,-0.517526088489419,1,1,3,2,2,1,1,1,1,1
-1.14075569657755,0,-3.15999634977065,1,1,1,2,1,1,1,1,1,1
1.11914104270019,0,-0.625986097672818,1,1,3,3,3,1,1,1,1,1
1.61629583507569,0,0.0322411147834716,2,2,3,3,3,1,1,1,2,1
-0.676981530849275,0,0.548769292530043,1,2,3,4,4,1,1,1,2,2
-0.305668106998927,1,-0.852881682623131,1,1,3,2,3,1,1,1,1,1
0.740282867095011,0,-0.00922860007993603,1,2,3,3,3,1,1,1,2,2
-1.54741930560808,0,-0.471811884999145,2,1,3,2,3,1,1,1,1,2
0.421960258372778,0,-0.292857818074631,1,1,3,3,3,1,1,1,2,1
0.507358676429707,0,-0.241441449805927,1,1,3,3,3,1,1,1,1,1
1.88184149650392,0,-0.634860107560672,1,1,2,2,3,1,1,1,2,1
0.908004125333987,0,-0.61069951790451,2,1,2,3,3,1,1,1,1,1
-0.2172302196292,1,1.06823373720495,3,2,4,4,4,1,2,2,3,2
0.444884024296745,1,1.46098990704474,3,4,4,4,4,2,2,2,2,3
-0.0946185804552718,1,-0.397292162396718,1,1,3,2,3,1,1,1,2,2
1.48926508228923,1,0.903760159237955,2,3,4,4,4,2,2,2,2,2
-0.739743349202041,1,1.09887102586836,2,3,3,4,4,2,2,2,3,2
-1.27378522256229,0,-1.01573076154664,1,1,2,2,2,1,1,1,1,1
-0.75905032926614,0,0.091618156287443,2,2,3,3,3,1,1,1,2,1
-0.252541475684586,0,-0.802136462416841,1,1,2,2,2,1,1,1,1,1
2.83698887118516,1,0.701477044681347,2,2,4,4,3,1,1,2,2,1
0.0331523158281666,0,-0.0547641824682047,2,2,3,3,3,1,1,1,1,1
-0.79061933544144,1,0.53889604801602,2,2,3,4,3,2,1,1,2,2
-0.424765408357492,1,-0.678041030785048,1,1,2,2,2,1,1,1,1,2
0.0940951737570282,1,-0.261731161509765,2,1,3,3,3,1,1,1,1,1
0.175901021081963,1,0.112149280706743,2,2,3,3,3,1,1,1,2,2
-0.48908888616123,0,-0.398405793239927,2,2,2,2,3,1,1,1,1,2
0.150168686916807,0,-0.0131111758738504,1,2,3,2,3,1,1,1,2,1
-0.792571932709591,0,0.24150194417817,2,2,3,4,3,1,1,1,2,1
1.18068724494913,1,0.736141303223442,2,2,4,3,3,2,1,2,2,3
1.59954092589913,1,0.0693220789902461,1,1,3,3,3,1,1,1,2,1
-0.441671574552433,1,0.987274332675156,2,2,4,4,3,1,2,1,3,2
1.17502771204038,0,-0.833579940543019,1,2,2,2,2,1,1,1,1,1
-1.20633175150598,1,-0.354190593347717,1,1,2,3,4,1,1,1,1,1
-1.45924841337073,0,-0.00643777288901837,2,2,3,3,3,1,1,1,2,1
1.12077975442291,1,0.0328234244791443,2,1,3,3,3,1,1,1,1,2
-1.95600777434961,1,0.472432770252959,1,2,3,4,3,1,1,1,2,2
0.363056099399223,1,-0.952858677407169,1,1,3,2,2,1,1,1,1,1
0.269473693899478,1,0.199457765790047,2,2,3,3,3,1,1,1,2,2
0.369561819985278,1,0.579923982382652,2,2,3,4,3,1,1,1,2,2
0.426991698540938,1,1.05068283961489,2,2,4,4,4,1,2,2,3,2
0.80817833020777,1,0.315436558050903,2,2,3,3,3,1,2,1,2,2
-0.476005595068869,1,-0.353777433394672,1,1,3,3,3,1,1,1,2,2
1.61565378095091,1,1.81918306838851,3,3,4,5,5,2,2,3,3,3
0.702405031515764,1,-1.2782708269987,1,1,2,2,2,1,1,1,1,1
-0.315507691955836,0,0.764174587211347,2,2,3,4,3,2,1,2,2,2
2.13069880597692,1,0.700143143893422,2,2,4,3,4,1,1,2,2,2
0.0830555466138222,1,0.907289665969761,2,2,4,4,3,1,1,1,2,2
-1.30574861988218,0,-0.0229484361958757,1,2,3,3,3,1,1,1,2,2
0.0938264138799507,0,0.927932678421091,2,2,4,4,4,1,1,2,2,2
-0.668621438194225,0,-1.28399838918081,1,1,2,2,2,1,1,1,1,1
0.315515002830609,0,0.536053913555691,2,2,4,4,4,1,1,1,2,2
-0.55509074953475,0,-1.68708801096294,1,1,2,2,2,1,1,1,1,1
0.890501382342713,0,1.00081532792182,2,3,3,3,4,1,2,2,2,2
-0.282908393264148,1,-0.230883384076614,1,1,3,3,3,1,1,1,1,2
0.029744813756261,1,0.454374995337403,2,2,3,3,3,1,1,1,2,2
-2.61412698546637,1,0.554463427625023,2,2,3,3,3,1,1,1,1,2
0.218441169186673,0,-0.810125365888485,1,1,2,2,2,1,1,1,1,1
-0.175153871055508,0,-2.21631098570713,1,1,2,1,2,1,1,1,1,1
-0.578486713563115,1,0.120846577613619,1,2,3,3,3,1,1,1,2,2
-0.642306885515174,1,0.814883173016221,2,2,4,4,3,1,1,1,2,3
0.5724910365373,1,2.79541551109884,5,4,5,5,5,4,4,5,5,4
-0.0108029004490743,1,0.331182378639194,2,2,3,3,3,1,1,1,2,2
-0.49331509690089,0,-0.882791531235947,1,1,2,2,1,1,1,1,1,1
0.199808197844538,1,-0.330576789572895,1,2,3,3,3,1,1,1,1,2
-0.0763552867544806,1,-0.315307810960025,2,1,3,3,2,1,1,1,1,1
0.0290404104015354,0,-0.541798030621799,1,1,2,2,3,1,1,1,1,1
1.11570349249815,0,0.520106560389532,2,2,3,3,3,1,1,1,2,2
-0.281544840780857,1,0.178645417484726,2,2,3,3,3,1,1,1,2,2
0.153978666188493,0,-0.944163576631337,1,1,3,3,2,1,1,1,1,1
-0.154933607648961,1,-0.192754202700208,2,1,2,3,4,1,1,1,1,2
0.293080206684525,0,0.284944927549994,2,2,3,3,4,1,1,1,2,2
0.628283474512176,1,0.354638044378832,2,2,3,3,4,2,1,1,2,2
0.222247314968641,1,0.279062880001936,2,2,3,3,3,1,1,1,2,2
-0.806011235151582,0,-0.537331547759658,2,1,2,3,2,1,1,1,1,1
-0.939531858487802,0,0.256515866025829,2,1,3,3,4,1,1,1,1,2
-1.29130508481773,1,1.16787227337477,3,2,4,3,4,2,1,1,3,3
0.681135712470292,0,0.288891561432554,2,2,3,3,3,1,1,1,2,1
-0.317220681140357,0,0.206356879044577,2,2,3,4,3,1,1,1,2,2
-0.960021823374714,0,-0.224479002106854,2,2,3,2,3,1,1,1,2,1
0.655218268111626,0,-0.132144445870772,2,2,3,3,3,1,1,1,2,2
-0.316296922412173,1,-0.509061591508455,1,1,3,3,3,1,1,1,1,1
0.815470299905121,0,0.0160588753507977,2,1,3,3,3,1,1,1,1,2
-1.50847829518196,1,0.0135663331370582,2,2,3,3,3,1,1,1,2,2
0.751502351854969,1,0.312492947136094,2,2,3,4,3,2,1,1,2,2
1.19812007787261,0,1.19513651336338,3,2,4,4,3,2,1,2,2,3
-1.36657002730586,0,0.701545083403138,2,3,4,3,4,1,2,1,2,3
-0.856754011567233,0,0.0524973525365668,1,2,3,3,3,1,1,1,2,2
-0.0940462034928324,1,0.607931987572086,2,2,4,3,3,1,1,1,2,2
0.485948473863073,1,-1.24215861991021,1,1,2,3,2,1,1,1,1,1
-0.443770840092341,0,0.726461477165268,2,2,3,3,3,1,1,1,2,3
-0.0137968256358765,0,-0.0617058997069275,2,2,3,2,3,1,1,1,1,2
-1.32352040424076,1,-0.00184879184516307,1,2,3,3,3,1,1,1,2,2
0.744190221100738,1,0.511670534175879,2,2,3,4,3,1,1,1,2,1
-0.628965873181212,1,1.7845685856363,3,3,5,4,4,3,2,2,3,3
1.08558385121758,0,0.571498012376647,2,2,3,4,3,1,1,1,2,2
0.320224275146108,0,0.304595983091754,2,2,3,3,3,1,1,1,2,2
0.285704675807823,0,0.522676609535682,2,1,3,3,2,1,1,1,2,2
0.829588674546166,0,1.53122829083458,3,3,4,4,4,3,2,2,3,4
-1.01806170022806,0,0.0996135298494872,2,2,3,3,3,1,1,1,2,2
-0.589057097261453,0,-0.170040432444295,1,1,3,3,3,1,1,1,1,1
-0.427738748718732,0,-1.18418487585861,1,1,2,2,2,1,1,1,1,1
-3.2304727996136,1,-0.0251203871324613,2,1,3,3,3,1,1,1,2,1
-0.0208995758276155,0,0.209550017003485,1,2,3,2,3,1,1,1,2,2
0.637060564328484,1,0.378974038751761,2,2,3,3,4,1,1,1,2,2
0.50260596400544,0,0.43518212271415,2,2,3,3,3,1,1,1,2,2
0.588654305222976,1,-0.188791125963337,1,1,3,3,3,1,1,1,2,2
0.674301590238453,1,-0.482077253853487,1,1,2,2,2,1,1,1,1,2
0.0589058528692526,1,-0.368549697638318,1,1,3,3,3,1,1,1,1,1
-0.740993709452804,1,1.390067272226,3,3,5,4,4,2,2,2,3,3
-0.920308218634762,0,0.175028241335128,2,2,4,3,3,1,1,1,2,2
-1.67785662010596,0,0.376127717938175,2,2,3,3,3,1,1,1,2,2
0.177291246364071,0,-0.0543494579592896,1,1,3,3,3,1,1,1,2,2
-0.347455206566737,0,-0.553740478042197,1,1,3,3,3,1,1,1,1,1
0.77122521843952,1,0.928679361918471,2,2,4,4,4,2,1,1,2,2
-0.13423686362095,1,0.192634234295762,2,2,3,3,3,1,1,1,1,2
-0.427888492070062,1,0.235611758859408,2,2,3,3,4,1,1,1,2,2
-0.722487090862902,0,-1.29771776843622,1,1,2,2,2,1,1,1,1,1
-0.55992644640703,1,-0.611288649286497,1,1,3,3,2,1,1,1,1,2
0.463336762085537,0,0.923548334442362,2,3,4,4,4,2,1,1,2,3
-0.571853691213444,1,0.0282496667364193,2,2,3,3,4,1,1,1,1,1
-0.85203725049414,1,1.13729960711114,3,2,4,4,4,1,1,2,2,3
0.866356477821637,1,0.187692807983935,3,2,3,3,3,1,2,1,2,2
1.86003225345579,0,-0.02623265051915,2,2,3,3,3,1,1,1,2,2
0.510290251857617,0,0.654104018101142,2,2,4,4,4,1,1,1,2,3
-0.209875224356423,1,0.529909901186546,2,2,3,4,4,1,1,1,2,2
2.11435577910382,1,1.25040500939916,2,3,4,4,4,1,2,1,2,2
1.65741561803614,0,0.682156613281052,2,2,3,4,4,1,1,1,3,3
1.75782658131844,1,1.74548252946003,3,3,5,4,4,2,2,2,4,2
-0.710392165716936,1,-1.03817194744008,1,1,2,2,2,1,1,1,1,1
-1.14699978231272,0,0.214886472519623,2,2,3,3,3,1,1,1,2,2
-0.99554352093847,1,-0.676625019346488,2,1,3,3,3,1,1,1,1,1
-0.406363626003799,0,1.74208462728715,3,3,4,4,4,2,2,2,3,4
-0.164792994712147,0,0.590125825957917,2,2,3,3,4,1,1,1,2,2
2.13241692047836,0,0.413475868592066,2,2,4,3,3,2,1,1,2,2
1.52069356658001,0,0.179970897865848,2,2,3,3,3,1,1,1,2,2
0.640859377365206,1,1.35249427770196,3,3,4,4,4,1,2,1,3,2
0.261108571850945,0,-0.756544118204283,2,1,3,2,2,1,1,1,1,2
1.47452495876013,0,-0.216193861752109,1,2,3,2,3,1,1,1,1,2
-0.640383308820293,1,-1.30244168180317,1,1,2,2,2,1,1,1,1,1
-0.656251714714634,0,0.323272314239572,2,2,3,3,3,1,1,2,2,1
1.01154705403293,1,1.49013759724134,3,3,5,4,4,2,2,2,2,3
-0.250494208356055,0,0.571117635230473,1,2,3,3,3,1,1,2,2,3
1.31884267167073,1,-0.183905521578211,2,1,3,3,3,1,1,1,2,2
-0.344772412614806,0,-0.176670157998895,2,1,3,3,3,1,1,1,2,2
-0.281555544038542,1,1.27834990284594,2,3,4,3,4,1,2,2,4,3
0.437707621809235,1,-0.0323716126909095,2,1,3,3,2,1,1,1,1,2
-1.12641200668457,1,-0.135351558081526,2,2,3,3,3,1,1,1,2,2
1.43258124930592,0,-0.495569283691939,1,1,3,3,3,1,1,1,1,1
0.29646555386811,1,-0.265406716644329,1,2,2,3,3,1,1,1,2,1
0.691644805706164,0,-0.291318838378248,2,2,3,2,3,1,1,1,2,2
-0.752016886844712,1,-0.292023903299258,2,2,3,3,3,1,1,1,1,1
-1.16388665157776,1,-0.598934825973779,1,1,3,2,3,1,1,1,1,1
1.45256477514098,1,0.34629089837138,2,2,4,4,3,1,1,1,2,2
0.0346783908983978,1,-1.78233381956071,1,1,2,2,1,1,1,1,1,1
0.243186005830534,0,-1.08616288981812,1,1,2,2,2,1,1,1,1,1
0.415667845151141,1,-0.220843461288999,2,1,3,3,3,1,1,1,2,2
0.262846437799233,1,-0.190609401890567,2,2,3,3,3,1,1,1,2,1
-0.279763055871326,0,0.753627934009625,3,2,4,3,3,1,1,1,2,2
-0.254334164536817,1,0.878504033793494,2,2,4,4,4,1,1,1,2,2
0.0773908307437654,0,1.36743921431956,3,3,4,4,4,2,2,1,2,3
-1.68230954237079,0,-1.26409296058579,1,1,2,2,2,1,1,1,1,1
-0.831836236119982,0,0.064908288710132,2,2,3,3,4,1,1,1,2,2
-0.126039942459607,0,-0.432399942656629,1,1,3,3,3,1,1,1,1,1
0.73493919572451,1,0.559146673555133,2,2,3,3,4,1,1,1,3,2
-0.298147222972365,0,0.0466669147705577,1,2,3,3,3,1,1,1,2,2
0.000700669570952017,1,0.553660504594917,3,2,3,3,3,1,2,1,2,3
-1.47603493127344,0,-0.399845901263998,1,1,3,3,3,1,1,1,2,2
-0.598409041015497,1,0.823736264437462,2,2,4,4,3,2,2,1,2,2
1.34080752918513,0,-0.888437489246192,1,1,2,3,2,1,1,1,1,1
0.152357947830861,1,0.2736115920262,2,2,3,3,3,1,1,1,2,2
1.58163635102548,0,-0.698231868820581,1,1,3,2,3,1,1,1,1,1
-0.289104809661763,0,0.419201659991299,2,2,4,3,3,1,1,1,2,2
-0.459001296520356,1,1.82206466465205,3,4,4,5,5,2,2,2,3,2
0.837030221948091,1,0.770167338673099,2,2,3,3,4,1,1,1,3,2
0.507387727912142,1,0.438764586724315,2,2,3,4,4,1,1,1,1,2
1.01151550677907,0,0.789785911969145,2,2,3,3,4,2,1,1,3,2
-0.692444155412375,0,-0.715628955520872,1,1,2,2,2,1,1,1,1,1
-0.780916646741823,0,-0.453467028278974,1,1,2,3,3,1,1,1,1,2
-0.287566296071329,1,-0.3763478652931,1,1,3,3,3,1,1,1,2,1
0.776095039224348,0,0.999124765236333,2,2,4,3,4,1,1,1,2,2
-0.0512967338744431,1,-0.0508158801147494,2,2,3,3,3,1,1,1,2,2
0.575892377871876,0,0.262644422537729,2,2,3,3,3,1,1,1,2,2
-0.533937739755883,0,0.447828716314529,2,2,3,3,4,1,1,1,2,2
-0.674666209034997,1,0.795297205674921,2,2,3,4,4,1,1,1,2,2
-0.786492754744445,1,0.705341061113005,2,2,4,3,3,1,1,1,2,1
1.06226401459105,0,0.23714895322541,2,2,3,3,4,1,1,1,2,2
0.639676221208362,1,0.686129317825221,2,2,4,4,3,1,1,1,2,2
-0.550811139313749,1,-0.255962994695014,2,2,3,3,3,1,1,1,2,2
-0.49525056387597,1,0.773830196942993,2,2,4,4,3,1,2,2,3,2
0.918189889067018,1,0.0392592743888976,2,2,3,3,3,1,1,1,1,1
-0.202071922767495,0,-0.133265688393296,2,1,3,3,3,1,1,1,1,2
0.0391804276440359,1,0.762948450938273,2,3,3,3,4,1,2,1,2,2
1.42918685280666,1,0.485260483943071,2,2,4,3,3,2,1,2,2,2
0.763262615074327,1,0.668762561379163,2,2,3,4,3,2,1,1,2,2
-1.50913424470253,0,-0.0366753398187913,2,2,3,3,4,1,1,1,2,1
0.300152427509961,0,-0.33768911832157,1,2,2,2,3,1,1,1,2,1
1.55922206487511,0,-0.553309421157561,1,1,3,3,2,1,1,1,1,2
0.524690338481003,1,0.0837593435202261,2,2,3,3,3,1,1,1,2,1
-1.01167738802345,1,0.482134994293002,2,2,4,3,3,1,1,1,2,2
0.441188100766721,1,1.50689608610148,3,3,5,5,4,2,2,2,3,4
1.97461249068542,0,1.03239867422287,2,2,4,4,4,1,2,2,2,3
0.771232134333008,1,1.6451825338106,4,3,4,5,5,2,2,1,4,3
0.220200920117874,0,-0.864918374692935,1,2,2,2,3,1,1,1,1,1
-1.01691505641471,0,-0.28900727688316,1,1,2,3,3,1,1,1,2,1
1.02250071390804,0,1.64342644867156,4,3,4,4,4,2,1,1,2,3
-0.621283817242968,0,-0.691739499112585,1,1,3,3,3,1,1,1,2,1
-0.358044771686817,1,0.989642338817713,3,3,4,4,4,1,1,1,2,3
-1.22838766297399,0,-1.71849202028878,1,1,2,2,2,1,1,1,1,1
0.944199816296941,0,0.781588095166046,2,2,4,4,4,1,2,1,2,2
0.0159465240859562,1,0.440997146171183,2,2,4,3,4,1,1,1,2,2
1.53732869267038,1,-0.0800467034542848,2,1,3,3,3,1,1,1,2,2
0.389215413472916,0,-1.19243383076958,1,1,2,2,2,1,1,1,1,1
-1.06776537892258,1,0.397023704013693,2,2,3,3,3,1,1,2,2,2
0.637931051212789,1,1.71434253786377,3,3,5,4,4,2,1,2,3,2
1.78376472461521,1,1.46768138342299,3,2,4,5,4,2,2,2,3,3
0.969277581151234,0,0.974912004333942,2,3,4,4,4,2,1,1,2,3
-0.553553176705001,0,-0.460505323079981,2,1,2,2,2,1,1,1,1,1
1.29814206268255,1,1.36742295109176,3,2,4,4,4,1,1,2,2,3
0.409938388524195,1,1.18031315485699,3,3,4,4,4,2,1,2,2,2
-0.268268912614963,0,-1.04605465765374,1,1,3,2,2,1,1,1,1,1
-0.290475410355023,0,0.173311616745921,2,2,3,3,3,1,1,1,2,2
-2.28754636707965,1,-1.26629948057991,1,1,2,2,2,1,1,1,1,1
1.63826534265845,0,0.936456546939094,3,2,3,4,4,1,1,2,2,2
0.540954102913416,0,0.0692232080696916,2,2,3,3,3,1,1,1,2,2
1.07434781368044,1,1.52704407790583,2,3,4,4,4,1,2,2,3,3
-1.80325739898018,0,-0.224489142809083,2,1,3,2,3,1,1,1,2,1
-1.99926658550634,1,1.06349068879357,3,2,4,4,3,2,1,1,3,2
-1.04091706632981,1,-0.0481639739245569,2,2,3,4,3,1,1,1,1,2
0.13082769426234,0,-0.80449751141267,1,1,3,2,3,1,1,1,1,1
-0.355831870972139,1,-0.601782017295102,1,1,3,2,3,1,1,1,1,1
-0.469020438677447,0,-0.338187355472881,2,2,3,3,3,1,1,1,2,2
-0.411474660158512,1,1.41673113213512,3,3,4,5,4,2,2,2,3,3
0.932453562040987,1,0.358247393699967,2,2,4,3,4,1,1,1,1,2
1.45934359318277,0,0.604543952662212,2,2,3,3,4,1,1,1,2,2
-1.64156139642879,0,-0.117381306779276,2,2,3,3,3,1,1,1,2,2
0.327480456851847,1,0.829289773522548,2,2,4,3,4,1,1,1,2,2
-0.123757747197134,1,-0.0325341482807777,2,2,3,3,3,1,1,1,2,3
-0.285621426772474,0,-0.58407896837218,1,1,2,3,2,1,1,1,1,1
-0.157430759384858,1,1.35877232157,3,2,4,4,4,1,2,1,3,3
-1.387065820077,1,-0.198176730512024,2,1,3,3,3,1,1,1,2,2
0.944698231409658,1,0.745544381301699,2,2,3,3,3,1,1,2,2,2
0.905142809261186,0,0.377033763071317,2,2,4,3,3,1,1,1,2,2
1.27334679287018,0,0.285587083544418,2,1,3,3,4,1,1,1,2,2
1.94860768717678,0,1.55558391561489,3,3,4,4,5,2,2,2,3,2
-0.629534240934911,1,0.583633185668523,2,2,3,4,4,1,1,2,2,2
0.275324418121957,1,1.42764796352606,2,3,4,4,4,1,2,1,4,3
1.78634355108425,1,-0.291155660613915,2,2,3,3,3,1,1,1,2,1
0.219119427826946,0,-0.716225996783462,1,1,2,2,2,1,1,1,2,1
0.106230210463214,1,1.63653653859511,3,4,4,4,4,2,2,1,4,3
-0.436337890181062,1,0.581145086581506,2,2,3,4,3,1,1,2,2,2
1.80744344711001,1,-0.148763715394758,2,1,3,3,3,1,1,1,1,1
-0.402956357632353,1,0.21320764477552,2,2,3,3,3,1,1,1,2,2
-2.58491838233546,1,-0.795999286398425,1,1,2,2,2,1,1,1,1,1
0.0353202924038259,0,-0.238920796524644,1,1,2,3,3,1,1,1,1,2
-0.270233981003256,0,0.0314916437901781,1,2,3,4,3,1,1,1,2,2
-0.0485173595462579,1,0.551291950553548,2,2,3,3,4,1,1,1,1,2
0.285974399183132,1,0.183152268114336,2,2,3,3,3,1,1,1,2,2
-0.566859092354666,0,1.39796243828548,3,2,4,4,4,1,2,2,3,3
0.157324056771667,1,-1.20681084492932,1,1,2,2,2,1,1,1,1,1
-0.173419526341527,1,-0.953884262346572,1,1,2,2,2,1,1,1,1,1
-1.87593177302538,1,-0.261342907553869,2,1,3,3,3,1,1,1,1,1
0.480148483560309,1,1.17549475722105,3,3,4,4,4,2,2,2,3,3
1.57989455200811,0,-0.384264773697296,1,2,3,2,3,1,1,1,1,2
0.759734715927859,1,0.00426332404899976,1,2,3,3,3,1,1,1,2,1
0.0987088317270492,1,1.14238801682479,3,2,4,4,4,1,2,2,3,2
0.458645889159042,1,0.264109634563266,2,2,3,3,3,1,1,1,2,2
-0.243546985513894,0,-0.162506656896543,2,2,3,3,3,1,1,1,2,1
2.88888246187307,0,0.5912537407437,2,2,3,3,4,1,1,1,3,2
0.183628296767867,0,-0.204010000641866,2,2,3,4,3,1,1,1,1,1
0.214331170591761,0,-0.0406508017835045,2,1,3,2,3,1,1,1,1,1
0.573596882561741,1,1.23822670457098,3,2,4,4,4,2,1,1,3,3
0.637454663448775,1,1.6695684666593,4,3,5,4,4,1,2,2,3,3
0.729099029934882,1,1.61390816240172,2,4,4,4,5,2,2,2,3,2
0.0824014872130587,0,-0.431008225964813,1,2,2,3,3,1,1,1,1,1
0.671337400361179,1,0.478826237632799,2,2,3,3,4,1,2,1,2,2
0.0524073534060444,1,1.07973969823494,2,3,4,4,4,2,1,1,2,2
0.935289143509258,0,0.0252023322452909,2,2,3,3,3,1,1,1,2,2
-0.478228185945051,0,-0.970751472081377,1,1,2,2,2,1,1,1,1,1
1.31642209779604,0,0.133468842156732,2,2,3,3,3,1,1,1,1,2
-1.12980958869609,1,-0.212040843522512,2,1,3,3,3,1,1,2,1,1
0.285609710578432,1,-0.529154181524885,1,1,3,2,3,1,1,1,2,1
-0.252806677551138,1,0.626453781493881,2,3,3,4,3,1,1,1,2,2
-0.88637755775153,1,-0.335956556026338,1,2,3,3,2,1,1,1,1,2
0.509115674790511,0,0.381728533572991,1,3,4,3,3,1,1,1,2,2
-0.57073648644218,1,1.25654175568984,3,2,4,4,4,1,2,2,2,3
-0.0254626706932888,0,-0.833536542567091,1,1,3,2,2,1,1,1,1,1
-0.0565172862868734,0,-0.759899602200973,1,2,2,2,2,1,1,1,1,2
-0.980656102087095,1,-0.0762359640427794,2,2,3,3,4,1,1,1,1,2
1.63812150784515,0,0.528755533767591,3,1,4,4,3,1,1,1,3,2
0.856981953022603,0,0.560226550022282,2,2,3,3,3,1,1,1,2,3
0.274087473266039,1,-0.00958077121846879,2,3,3,3,3,1,1,1,2,2
0.117525071846699,1,-0.139048551288247,2,1,3,3,3,1,1,1,1,2
-1.36221179644884,1,2.91374607078355,5,4,5,5,5,3,4,4,4,4
-1.86647740820499,0,0.34003412107353,2,2,3,3,4,1,1,1,2,2
0.172891821050356,0,0.0613528940428552,2,2,3,3,3,2,1,1,2,2
0.039038990159155,0,-0.20696564766236,2,2,2,2,3,1,1,1,2,2
-0.172142377265928,1,0.131194206721616,1,1,3,3,3,1,1,1,2,2
1.45273248061975,0,1.45672106756759,3,3,4,4,4,2,1,3,3,3
0.429980713144644,1,0.604912566331326,2,2,4,3,3,1,1,1,2,2
-0.501133603002743,0,-1.14817499569607,1,1,2,2,2,1,1,1,1,1
-0.185749869246546,1,-0.077241534444529,2,1,3,2,3,1,1,1,2,2
0.175407119866348,0,-0.570788882367602,1,1,3,2,3,1,1,1,1,2
0.372284156463886,1,1.56389344819249,4,3,5,4,5,2,2,2,3,2
0.29680563054353,1,-0.636488170513666,1,1,3,2,3,1,1,1,1,1
1.69022409057633,1,1.41000890453603,3,3,4,4,4,2,1,2,3,3
-0.0109875094597297,1,1.22242757276165,3,4,4,4,4,2,1,1,2,2
0.560383224439278,0,-0.514845140790783,1,2,3,2,3,1,1,1,2,1
-1.11245908056633,1,0.0336881618236423,2,2,2,3,3,1,1,1,2,2
-0.110944736845716,0,-0.294527193268414,1,1,3,3,2,1,1,1,1,1
-0.47219732977152,0,0.55551925019576,2,2,3,4,3,1,1,1,2,2
0.670863477582228,1,0.603349670770818,2,2,4,4,3,1,1,1,2,2
1.06000883860662,1,0.0664963620341555,1,2,3,3,3,1,1,1,1,2
-0.778430873582131,0,-1.7886876220617,1,1,2,1,2,1,1,1,1,1
1.53409332440345,1,0.652188777008007,2,1,3,3,4,1,1,1,2,2
0.257171445777856,0,-0.425709352219298,1,1,2,2,2,1,1,1,2,2
0.0642739698496684,1,0.0747100154691066,2,2,3,3,4,1,1,1,2,1
-1.36112516759557,1,1.23259991438216,2,3,4,4,4,2,1,1,3,3
-0.3029949251315,0,-1.56089955086294,1,1,2,2,2,1,1,1,1,1
-0.43828354707294,1,0.814543079910493,2,2,4,4,4,2,2,1,2,2
0.343471959297286,0,-0.471321975355835,1,1,2,2,3,1,1,1,1,1
0.925541882548961,0,0.139974126655733,2,1,3,3,4,1,1,1,2,2
0.917166625497268,1,-0.0889782342240789,1,2,3,3,3,1,1,1,2,2
-0.49579334737119,0,-1.34331014822209,1,1,2,2,2,1,1,1,1,1
-1.04604014584521,0,-0.25107072228487,1,2,2,3,3,1,1,1,1,2
0.639927667139293,0,-0.303906447742745,1,2,3,3,3,1,1,1,2,2
0.9323803271905,0,0.528972746882459,2,2,4,3,3,1,1,1,2,2
-0.872709659047232,0,-2.07130256679367,1,1,2,2,1,1,1,1,1,1
0.353739113731256,0,0.646903763159535,2,2,4,3,3,1,1,2,2,2
-0.751181225228796,0,-0.182510846745867,1,1,3,3,3,1,1,1,2,2
-0.844492434587798,1,0.535348455628832,1,3,3,3,3,2,1,1,2,2
-0.949630361215653,0,-1.95077147087823,1,1,2,1,2,1,1,1,1,1
0.835314237792512,1,-0.631063613041221,1,1,2,2,2,1,1,1,2,1
0.165446908199841,1,-0.0300030113740145,1,1,2,3,3,1,1,1,1,2
1.01905647855361,0,0.632971066398203,3,2,4,3,4,2,1,2,3,3
0.617301498886824,0,0.419808751731497,2,1,3,3,3,1,1,1,1,1
-0.126276599828756,1,1.0030739437953,3,2,4,4,4,1,1,2,3,2
0.267535424414277,0,0.642614195060236,2,3,3,4,3,1,1,1,2,2
-0.149608327317048,1,1.16552967310169,2,2,4,4,4,1,2,2,2,2
0.481562706472041,0,0.376467966293627,2,3,3,3,5,1,1,1,3,2
0.177105583131998,1,0.499913396205133,2,2,3,3,3,1,1,1,2,2
-0.293224029461282,1,0.496379940400637,2,2,4,4,3,1,1,1,2,2
0.341466100840233,1,0.024411302904045,2,2,3,3,3,1,1,1,2,2
0.402722069343103,0,-0.0367800933221678,2,2,3,3,3,1,1,1,2,1
0.778623429966934,1,0.317635402335853,2,2,4,3,3,2,1,1,3,1
-0.0395107334526238,1,0.218816272786181,2,2,3,4,3,1,1,1,3,2
0.281715862608802,1,-0.343723638639816,2,1,2,3,3,1,1,1,1,1
0.241296950525751,1,-0.322090100210354,2,1,3,3,3,1,1,1,1,2
-1.10801228336214,0,-0.823526986331656,1,1,2,3,3,1,1,1,1,1
-0.921213747985584,1,-0.913586430447326,1,1,2,2,2,1,1,1,1,1
0.19117765489673,1,0.498276127262924,2,2,4,4,4,1,1,1,2,2
0.824406853053222,1,-0.0378236314432243,1,2,3,3,3,1,1,1,2,2
0.716474036609428,0,1.0769669683142,3,2,4,4,4,2,2,1,2,3
0.419367731661258,1,1.37052840967544,3,4,4,4,4,2,2,2,2,3
-0.867782807335346,0,0.0439190851864107,2,2,3,4,3,1,1,1,1,1
-0.659756757787031,0,-0.224501380976788,2,2,3,3,3,1,1,1,1,2
0.0588026271751838,1,1.27924870143313,3,2,4,4,4,1,2,2,2,3
-1.07615582023342,1,0.551818363201839,2,2,3,3,4,1,2,1,2,2
1.75444755726916,0,0.0233871458956708,2,1,3,3,3,1,1,1,2,2
0.103732557901786,0,0.726243602964001,2,3,4,4,4,1,1,1,2,2
-2.20746544031595,1,0.533760182264224,3,2,3,3,3,1,1,1,3,2
-0.667764797245359,0,-0.615105633820753,2,2,3,3,2,1,1,1,1,1
2.04716225254988,0,-1.08379942636654,1,1,3,2,2,1,1,1,1,1
0.318697880488443,1,1.14150053127331,3,2,3,4,4,3,1,1,2,2
-1.31069747351014,0,0.274494374045215,2,2,3,3,3,1,1,1,2,2
-1.14825671183861,0,-0.475656146585856,1,1,2,3,3,1,1,1,1,2
-0.468841182519981,0,0.829941548551865,3,2,3,3,4,1,1,1,2,2
-0.567044354502356,0,-1.97103114265693,1,1,1,2,1,1,1,1,1,1
-0.383721041106368,1,0.232445480647388,2,2,3,3,3,1,1,1,2,2
1.10910710373036,1,1.80701754323613,3,3,5,4,5,2,2,2,4,2
-0.271026754493477,0,-0.325917759156644,2,1,2,3,2,1,1,1,1,2
0.609237303078017,0,-0.644448656603919,1,2,2,2,3,1,1,1,1,1
0.330284229062114,0,-0.602980196553622,1,1,2,2,2,1,1,1,1,1
0.738650003838869,0,-0.25699383542549,2,2,3,2,3,1,1,1,2,2
-0.703016198595171,1,0.869538245840091,2,2,4,3,3,1,1,1,2,2
-0.405074468957126,1,1.20016306382662,2,2,4,3,4,1,1,1,3,3
-0.238645911789618,0,0.49440005484236,2,2,3,4,4,1,1,1,2,2
2.7783681247259,0,0.727085012668035,3,2,4,3,3,1,1,1,3,2
0.686597939112176,1,1.2809980401518,3,3,3,5,4,2,2,2,2,3
-0.216793654136669,1,0.0282051496685021,2,2,3,3,3,1,1,1,2,2
1.50334151283866,0,0.742519596321684,2,3,4,3,4,1,1,1,2,2
-0.974861939530101,1,0.247519265794471,2,2,4,3,3,1,1,1,2,2
0.790639731453946,1,0.195023638332597,2,2,3,3,3,1,1,1,3,2
-0.167064453072434,0,-0.496556360078834,1,1,3,2,3,1,1,1,1,1
0.8613989905127,0,-0.0536156183665373,1,2,3,3,3,1,1,1,2,2
0.0124356341701664,0,-0.218744195242974,1,2,2,3,2,1,1,1,2,1
-0.224632221991496,1,-0.0412743446627675,2,2,3,3,3,1,1,1,1,1
-1.04962383602209,0,1.4360081302001,3,3,4,4,4,2,2,1,2,3
-1.11312265391109,0,-0.975072067111227,1,1,2,2,3,1,1,1,1,1
-0.0828782296010344,0,0.0986094191458637,2,2,3,3,3,1,1,1,2,2
-0.565924019776076,1,1.4598938270593,4,2,5,4,4,2,2,2,4,3
-0.794423132043328,1,0.71971292981696,2,2,3,4,3,2,1,1,2,2
-0.509289068432449,0,-1.14029527297203,1,1,2,3,2,1,1,1,1,1
-0.677433141630615,0,0.585871413175636,2,2,3,4,3,1,2,1,2,2
0.083411473221524,0,-1.30091021388107,1,1,2,2,2,1,1,1,1,1
-0.312956345521784,1,2.09235449208309,3,5,4,5,4,2,2,4,3,3
2.15565096829668,0,0.431408763830369,2,2,3,3,3,1,1,1,2,2
0.605695208839956,1,-0.200907377375652,2,2,3,3,3,1,1,1,1,2
-1.70392004023616,0,-0.594301441545536,2,1,2,3,2,1,1,1,1,1
0.266873464305074,0,0.664702485530381,2,2,3,4,4,1,1,1,2,2
-1.45720018792542,0,0.0803554027459191,2,2,3,3,3,1,1,1,2,1
0.298503976275584,0,-0.490817474799532,2,2,3,3,3,1,1,1,1,1
-2.07547114187968,1,0.586402536496993,2,2,3,4,4,1,1,1,3,2
-2.07347432925995,0,-0.155531637845103,2,1,3,2,3,1,1,1,2,1
-1.31282717794295,0,0.5823473079996,2,3,3,3,3,2,1,1,3,2
0.865780074632986,0,-0.46666631422079,1,1,3,2,3,1,1,1,2,1
1.62398169081613,1,-1.14146016705316,1,1,2,3,2,1,1,1,1,1
1.23683540945625,0,0.00737551872776657,2,2,3,3,3,1,1,1,2,2
-0.593982170350065,1,2.23350573166324,4,4,4,5,5,3,2,4,4,3
-1.21594224096148,1,0.30238025284427,1,2,3,3,3,1,1,1,3,2
0.786693755285587,1,1.21805627863567,3,3,4,4,5,2,2,2,3,3
-0.514496281563342,0,-0.0311409795249759,1,2,3,3,3,1,1,1,2,1
0.657581874348091,0,0.824032055171114,2,2,3,4,4,2,2,1,2,2
-0.33221810699714,1,1.35887683974877,4,4,4,4,4,2,2,2,4,3
0.323148150146737,0,0.461363031355423,2,3,4,3,4,1,1,1,2,2
-0.0438274025422665,0,-0.145794945602495,1,2,3,3,3,1,1,1,2,2
-1.72568893201308,0,-2.3774710320687,1,1,1,1,1,1,1,1,1,1
0.73389403736999,1,2.03603544614973,3,3,4,5,4,2,3,2,3,4
1.44517281838626,1,1.0990017624937,2,3,4,4,3,1,1,2,3,3
0.743111345959752,1,1.63821464774828,3,3,4,4,4,2,2,2,3,3
-1.54307503925784,0,0.607458951739196,2,2,4,3,3,1,1,1,2,2
0.133355472285113,1,2.16219868484202,5,4,5,5,5,2,2,2,5,4
0.509711012809177,1,2.07933371416581,4,4,4,5,5,2,2,2,3,5
1.95505462886069,0,-0.234507653967943,1,2,3,3,3,1,1,1,1,1
-1.92862923868797,0,0.694401184285902,2,2,3,4,4,1,1,1,3,2
-0.714089256898832,1,0.940739192774266,2,2,3,4,4,2,2,1,2,2
-1.28834563311713,1,-1.18119018354047,1,1,2,2,2,1,1,1,1,1
0.0558087990833939,0,0.737959043510695,2,2,4,3,4,2,2,1,2,2
-1.11695105483349,0,0.26306955363084,1,2,4,3,4,1,1,1,1,1
1.16268475753405,1,1.62579048079792,4,3,4,4,4,2,2,2,3,3
-0.478864283734322,0,-0.352330323388668,2,2,3,3,3,1,1,1,1,2
-1.13112503928061,0,0.321858542130503,2,2,3,3,4,2,1,1,2,1
0.568002062074805,1,-1.15051743166404,1,1,2,3,2,1,1,1,1,1
-0.405410828147301,1,-0.136363271140808,1,2,3,2,3,1,1,1,2,1
1.45727396876599,0,0.157691519661999,1,2,3,3,3,1,1,1,1,2
1.13397122795649,0,1.04672543855247,2,3,4,4,4,1,2,1,2,3
-0.150181999361829,1,1.16960641750021,2,2,4,4,4,1,2,2,3,2
2.34954007956394,1,0.684891928881982,3,2,4,4,3,1,1,1,2,2
0.899736740156416,0,0.427438349907451,2,2,4,3,3,1,1,1,2,3
-2.39685304733365,1,0.213750339215983,2,3,3,2,3,1,1,1,2,2
